<?xml version='1.0' encoding='UTF-8'?>
<widget xmlns="http://www.w3.org/ns/widgets" xmlns:intelxdk="http://xdk.intel.com/ns/v1" id="com.intel.xdk.hellocordova" version="15.8.27">
<!--This file is generated by the Intel XDK. Do not edit this file as your edits will be lost.           -->
<!--To change the contents of this file, see the documentation on the intelxdk.config.additions.xml file.-->
<intelxdk:version value="1.0"/>
<intelxdk:cordova-cli version="5.4.1"/>
<name>OlaIntelXDK</name>
<description>Cordova demonstration app.</description>
<author>Intel XDK</author>
<content src="index.html"/>
<access origin="http://debug-software.intel.com/*"/>
<access origin="https://debug-software.intel.com/*"/>
<allow-intent href="geo:*"/>
<icon platform="windows8" src="assets/windows/logo-small.png" width="30" height="30"/>
<icon platform="windows8" src="assets/windows/logo-store.png" width="50" height="50"/>
<icon platform="windows8" src="assets/windows/logo.png" width="150" height="150"/>
<intelxdk:plugin intelxdk:name="StatusBar" intelxdk:value="cordova-plugin-statusbar" intelxdk:version="2.1.0" intelxdk:checksum="858cc583" intelxdk:type="file"/>
<intelxdk:plugin intelxdk:name="Device Motion" intelxdk:value="cordova-plugin-device-motion" intelxdk:version="1.2.0" intelxdk:checksum="72980dcc" intelxdk:type="file"/>
<intelxdk:plugin intelxdk:name="Device Orientation" intelxdk:value="cordova-plugin-device-orientation" intelxdk:version="1.0.2" intelxdk:checksum="7f7fcc" intelxdk:type="file"/>
<intelxdk:plugin intelxdk:name="Device" intelxdk:value="cordova-plugin-device" intelxdk:version="1.1.1" intelxdk:checksum="927290ca" intelxdk:type="file"/>
<intelxdk:plugin intelxdk:name="Geolocation" intelxdk:value="cordova-plugin-geolocation" intelxdk:version="2.1.0" intelxdk:checksum="aa7be91c" intelxdk:type="file"/>
<intelxdk:plugin intelxdk:name="Media" intelxdk:value="cordova-plugin-media" intelxdk:version="2.2.0" intelxdk:checksum="dc30a7e8" intelxdk:type="file"/>
<intelxdk:plugin intelxdk:name="Vibration" intelxdk:value="cordova-plugin-vibration" intelxdk:version="2.1.0" intelxdk:checksum="efa557d" intelxdk:type="file"/>
<intelxdk:plugin intelxdk:name="InAppBrowser" intelxdk:value="cordova-plugin-inappbrowser" intelxdk:version="1.3.0" intelxdk:checksum="20f7ee20" intelxdk:type="file"/>
<intelxdk:plugin intelxdk:name="Splashscreen" intelxdk:value="cordova-plugin-splashscreen" intelxdk:version="3.2.0" intelxdk:checksum="452a4659" intelxdk:type="file"/>
<intelxdk:plugin intelxdk:name="Notification" intelxdk:value="cordova-plugin-dialogs" intelxdk:version="1.2.0" intelxdk:checksum="1af74557" intelxdk:type="file"/>
<intelxdk:plugin intelxdk:name="File" intelxdk:value="cordova-plugin-file" intelxdk:version="4.1.0" intelxdk:checksum="77b7c7b6" intelxdk:type="file"/>
<platform name="windows">
<preference name="Orientation" value="portrait"/></platform>
<preference name="windows-target-version" value="10.0"/>
<preference name="windows-phone-target-version" value="10.0"/>
<!--creationInfo:{"src":"jsapp/sample-hello-cordova/sample.zip","projectTypeName":"com.intel.xdk.projecttype.jsapp"}-->
<preference name="debuggable" value="true"/>
<platform name="android">
    <!-- below requires the splash screen plugin -->
    <!-- docs: https://github.com/apache/cordova-plugin-splashscreen -->
    <preference name="AutoHideSplashScreen" value="true"/>
    <preference name="SplashScreen" value="screen"/>
    <preference name="SplashScreenDelay" value="3000"/>
    <preference name="SplashMaintainAspectRatio" value="false"/>
</platform>
<platform name="ios">
    <!-- below requires the splash screen plugin -->
    <!-- docs: https://github.com/apache/cordova-plugin-splashscreen -->
    <preference name="AutoHideSplashScreen" value="true"/>
    <preference name="FadeSplashScreen" value="false"/>
    <preference name="FadeSplashScreenDuration" value="2"/>
    <preference name="ShowSplashScreenSpinner" value="false"/>

    <!-- below requires the status bar plugin -->
    <!-- docs: https://github.com/apache/cordova-plugin-statusbar -->
    <!-- see http://devgirl.org/2014/07/31/phonegap-developers-guid -->
    <preference name="StatusBarOverlaysWebView" value="false"/>
    <preference name="StatusBarBackgroundColor" value="#000000"/>
    <preference name="StatusBarStyle" value="lightcontent"/>
</platform>
<intelxdk:crosswalk xmlns:intelxdk="http://xdk.intel.com/ns/v1" xwalk-command-line="--disable-pull-to-refresh-effect"/>
<intelxdk:crosswalk xmlns:intelxdk="http://xdk.intel.com/ns/v1" xwalk-command-line="--ignore-gpu-blacklist"/></widget>