{
    "!name": "cordova-plugin-device-motion",
    "!define": {
        "!modules": {
            "Acceleration": "fn(x: ?, y: ?, z: ?, timestamp: ?)",
            "accelerometer": {
                "getCurrentAcceleration": "fn(successCallback: ?, errorCallback: ?, options: ?)",
                "watchAcceleration": "fn(successCallback: ?, errorCallback: ?, options: ?)",
                "clearWatch": "fn(id: ?)"
            }
        }
    },
    "!plugin-version": "1.2.0",
    "Acceleration": "!modules.Acceleration",
    "navigator": {
        "accelerometer": "!modules.accelerometer"
    }
}